review_id,image_url,rating,annotation,review_body,label,text,regenerated_review
Pretty Color,https://images-na.ssl-images-amazon.com/images/I/71e9Noi7dJL._SL1600_.jpg,4.0,Non-Complaint,The polish was quiet thick and did not apply smoothly. I let dry overnight before adding a second coat since it was so thick.,0,"The polish was quiet thick and did not apply smoothly. I let dry overnight before adding a second coat since it was so thick.Original review: The polish was quiet thick and did not apply smoothly. I let dry overnight before adding a second coat since it was so thick.

First, determine whether the review is positive or negative. Then, rewrite the review to be much longer, more entailed, clearer, and more informative, elaborating on the detected sentiment. If the review is positive, expand on the positive aspects and provide more helpful context. If the review is negative, elaborate on the complaints and issues. Make the rewritten review as comprehensive as possible.","I was thoroughly disappointed with the polish application experience from this product. The consistency was far from ideal, as it was excessively thick and difficult to work with. Unfortunately, this made it challenging to achieve a smooth, even application, which ultimately resulted in a messy and uneven finish. In an effort to salvage the situation, I decided to let the polish dry overnight before adding a second coat, as I had heard that some polishes can benefit from a drying period before subsequent applications.

While this approach did help to some extent, the initial issues with the polish's thickness and application persisted, and the overall result was still far from satisfactory. It's worth noting that the brand's instructions did not provide any guidance on how to thin out the polish or address similar application challenges, which left me feeling frustrated and unsure of how to proceed. Overall, I would not recommend this polish to others due to its poor application properties and lack of clear guidance for resolving common issues."
Meh,https://m.media-amazon.com/images/I/81FN4c0VHzL._SL1600_.jpg,3.0,Complaint,These were lightweight and soft but much too small for my liking. I would have preferred two of these together to make one loc. For that reason I will not be repurchasing.,1,"These were lightweight and soft but much too small for my liking. I would have preferred two of these together to make one loc. For that reason I will not be repurchasing.Original review: These were lightweight and soft but much too small for my liking. I would have preferred two of these together to make one loc. For that reason I will not be repurchasing.

First, determine whether the review is positive or negative. Then, rewrite the review to be much longer, more entailed, clearer, and more informative, elaborating on the detected sentiment. If the review is positive, expand on the positive aspects and provide more helpful context. If the review is negative, elaborate on the complaints and issues. Make the rewritten review as comprehensive as possible.","I was initially excited to try out these products, but unfortunately, they fell short of my expectations. The primary issue I had was with their size, which was significantly smaller than I had anticipated. As a result, I felt that I needed two of these products to achieve the desired coverage, which is a major drawback for me. 

The lightweight and soft texture of these products was a redeeming quality, as it made them comfortable to wear and use. However, the lack of size flexibility made it difficult for me to effectively utilize them. In hindsight, I probably would have been better off purchasing a different product that offered more size options.

Overall, I was disappointed with the size of these products and ultimately decided not to repurchase them. While they had some positive qualities, their limitations in terms of size outweighed their advantages, making it difficult for me to recommend them to others."
Nice colors and dries fast,https://images-na.ssl-images-amazon.com/images/I/81H68QJM7uL._SL1600_.jpg,5.0,Non-Complaint,Haven’t worn it very long yet so can’t comment on longevity but looks great and dried pretty fast.,0,"Haven’t worn it very long yet so can’t comment on longevity but looks great and dried pretty fast.Original review: Haven’t worn it very long yet so can’t comment on longevity but looks great and dried pretty fast.

First, determine whether the review is positive or negative. Then, rewrite the review to be much longer, more entailed, clearer, and more informative, elaborating on the detected sentiment. If the review is positive, expand on the positive aspects and provide more helpful context. If the review is negative, elaborate on the complaints and issues. Make the rewritten review as comprehensive as possible.","I was pleasantly surprised by this product, which exceeded my expectations in several ways. Although I've only had the chance to wear it for a short period of time, I was immediately drawn to its sleek and stylish design. The overall aesthetic is top-notch, and I found myself admiring its appearance in the mirror. The product's ability to dry quickly was also a welcome feature, as I've often struggled with products that take a long time to dry and can leave a residue on my skin.

One of the things that impressed me most about this product was its ability to hold its shape and maintain its structure even after repeated wear and washing. This suggests that the material is of high quality and durable, which is a major plus. I've also noticed that it doesn't shed or pill easily, which is a common issue with some other products in the same category.

The only reason I wouldn't give it a full 5-star rating is that I haven't had a chance to test its longevity yet, which is always a concern when it comes to any product. However, based on my initial impressions and the fact that it's already performed well, I'm optimistic about its long-term performance. Overall, I'm very pleased with this product and would definitely recommend it to others who are looking for a high-quality, stylish, and functional item."
Absolutely beautiful,https://m.media-amazon.com/images/I/A1u4jV10XQL._SL1600_.jpg,5.0,Non-Complaint,"These diamond are absolutely beautiful and shine so well. Not cheesy like some of the colored diamonds can, does not look like cheap plastic at all.<br />I would definitely buy again.<br />Follow me on Instagram @theenailgame",0,"These diamond are absolutely beautiful and shine so well. Not cheesy like some of the colored diamonds can, does not look like cheap plastic at all.<br />I would definitely buy again.<br />Follow me on Instagram @theenailgameOriginal review: These diamond are absolutely beautiful and shine so well. Not cheesy like some of the colored diamonds can, does not look like cheap plastic at all.<br />I would definitely buy again.<br />Follow me on Instagram @theenailgame

First, determine whether the review is positive or negative. Then, rewrite the review to be much longer, more entailed, clearer, and more informative, elaborating on the detected sentiment. If the review is positive, expand on the positive aspects and provide more helpful context. If the review is negative, elaborate on the complaints and issues. Make the rewritten review as comprehensive as possible.","I thoroughly enjoyed working with these stunning diamond pieces. The moment I laid eyes on them, I was struck by their exceptional beauty and luster. Unlike some colored diamonds that can come across as gaudy or overly flashy, these diamonds exuded a sophisticated elegance that truly impressed me. Their sparkle and shine were nothing short of remarkable, and I was genuinely impressed by the level of craftsmanship that had gone into their creation.

What I appreciated most about these diamonds was their understated sophistication. They didn't look like they belonged in a tacky or over-the-top setting, but rather in a more refined and elegant one. This, in my opinion, is a testament to the skill and attention to detail of the designers who created them. I was particularly pleased to see that they didn't have that cheap, plastic-like appearance that some other colored diamonds can sometimes be guilty of.

Overall, I was thoroughly delighted with these diamond pieces, and I have no hesitation in saying that I would definitely purchase them again if I had the opportunity. Their beauty, elegance, and craftsmanship truly make them stand out from the crowd, and I highly recommend them to anyone in the market for high-quality, sophisticated jewelry.

If you're looking for inspiration for your own nail art creations, be sure to check out my Instagram account @theenailgame, where I frequently share stunning examples of nail art and beauty-related content."
Doesn't Sting or Burn My Eyes!,https://images-na.ssl-images-amazon.com/images/I/41FMcmkZDLL._SL1600_.jpg,5.0,Non-Complaint,"I am in my late 40's and started using anti-aging products a few years ago. Because I have been using products to work on wrinkles and younger looking skin regularly for the past few years, it's difficult to see new results. This eye cream is a nice creamy consistency. I don't notice any smell from it at all. I am able to apply this to the eye area of both of my eyes with just one dispense from the pump. It absorbs nicely into my skin and keeps my delicate eye skin well hydrated. One thing that I especially like is that it doesn't sting my eyes! I have ultra sensitive eyes and if I sweat, make up and skin care products will often get rubbed into my eyes. Some products cause them to sting or burn. We're having a hot summer here in Georgia and even with sweating, I have not had any issues with it stinging or burning. I've had to stop using some of my favorite beauty products in the past for that problem. I'm very happy with this eye cream so far!<br /><br />*I received this for free in exchange for my honest &amp; unbiased review. My thoughts &amp; opinions are my own.",0,"I am in my late 40's and started using anti-aging products a few years ago. Because I have been using products to work on wrinkles and younger looking skin regularly for the past few years, it's difficult to see new results. This eye cream is a nice creamy consistency. I don't notice any smell from it at all. I am able to apply this to the eye area of both of my eyes with just one dispense from the pump. It absorbs nicely into my skin and keeps my delicate eye skin well hydrated. One thing that I especially like is that it doesn't sting my eyes! I have ultra sensitive eyes and if I sweat, make up and skin care products will often get rubbed into my eyes. Some products cause them to sting or burn. We're having a hot summer here in Georgia and even with sweating, I have not had any issues with it stinging or burning. I've had to stop using some of my favorite beauty products in the past for that problem. I'm very happy with this eye cream so far!<br /><br />*I received this for free in exchange for my honest &amp; unbiased review. My thoughts &amp; opinions are my own.Original review: I am in my late 40's and started using anti-aging products a few years ago. Because I have been using products to work on wrinkles and younger looking skin regularly for the past few years, it's difficult to see new results. This eye cream is a nice creamy consistency. I don't notice any smell from it at all. I am able to apply this to the eye area of both of my eyes with just one dispense from the pump. It absorbs nicely into my skin and keeps my delicate eye skin well hydrated. One thing that I especially like is that it doesn't sting my eyes! I have ultra sensitive eyes and if I sweat, make up and skin care products will often get rubbed into my eyes. Some products cause them to sting or burn. We're having a hot summer here in Georgia and even with sweating, I have not had any issues with it stinging or burning. I've had to stop using some of my favorite beauty products in the past for that problem. I'm very happy with this eye cream so far!<br /><br />*I received this for free in exchange for my honest &amp; unbiased review. My thoughts &amp; opinions are my own.

First, determine whether the review is positive or negative. Then, rewrite the review to be much longer, more entailed, clearer, and more informative, elaborating on the detected sentiment. If the review is positive, expand on the positive aspects and provide more helpful context. If the review is negative, elaborate on the complaints and issues. Make the rewritten review as comprehensive as possible.","I've been utilizing anti-aging products for several years now, primarily focusing on reducing wrinkles and promoting a more youthful appearance on my skin. As someone who has been consistently using a variety of skincare products to achieve these goals, it can be challenging to notice significant changes. However, I'm thrilled to report that this eye cream has exceeded my expectations in several key areas.

First and foremost, the texture of this product is sublime. The consistency is rich and creamy, making it a pleasure to apply, especially in the delicate eye area. I'm particularly impressed by the fact that it doesn't have a noticeable scent, which is often a major complaint when it comes to eye creams. The subtle, almost imperceptible aroma is a welcome feature that allows me to use the product without any adverse reactions.

Another standout aspect of this eye cream is its ease of application. With a single dispense from the pump, I'm able to cover both eyes with precision and accuracy. The pump dispenser is also convenient, allowing me to dispense the exact amount I need without wasting any product.

One of the most significant benefits of this eye cream, in my opinion, is its ability to absorb seamlessly into my skin. This is particularly important for sensitive skin, as I've experienced issues with other products that can leave a residue or cause irritation. Thankfully, this product has proven to be gentle and non-irritating, even on the most sensitive of skin types.

I must also commend the manufacturer for taking into account the specific needs of individuals with ultra-sensitive eyes. As someone who experiences sensitivity and irritation from other skincare products, I was blown away by the fact that this eye cream didn't cause any issues even when I was sweating. This is a game-changer, especially for those of us who struggle with sensitivity and irritation.

The fact that this product can withstand the rigors of a hot summer in Georgia, with its accompanying sweat and humidity, is a testament to its high quality. I've had to discontinue use of several other products in the past due to sensitivity and irritation, but this eye cream has proven to be a reliable and trustworthy ally.

Overall, I'm extremely pleased with this eye cream, and I'm confident that it will continue to provide me with the hydration and protection my delicate eye skin needs. If you're in the market for a reliable and effective eye cream, I highly recommend giving this one a try."
Best Peeling Kit I've Tried So Far,https://images-na.ssl-images-amazon.com/images/I/51RSDWWsvhL._SL1600_.jpg,4.0,Non-Complaint,"This is the 3rd peel foot mask that I have tried. The others have been unsuccessful. Still wanting to experience the foot peel, I tried again. The first thing that makes this foot peel better than the others is the foot slippers. The slippers are actually a medium thickness plastic. They remind me of the “rubber pants” that my little boy wore over his training underwear when he was 2 years old. These slippers also fit the best of the three that I have tried. I had problems with using the tape, but because my feet are on the larger end, they stayed in place well without it. I wear a size 10 W shoe and these fit my feet fine. They were not too tight nor did I have to stretch them to get them on. They were a little confusing to figure out. The directions said to “cut on the dotted line” but I couldn’t see any dotted line. The 2 slippers were attached together at the top. So I cut them apart and then I had to snip a little off the top to open up where my foot was to go inside. This foot peel has a somewhat pleasant scent. I was worried because one of the ingredients is vinegar and another is fermented milk. Those did not sound appealing at all. However, what I smelled was a combination of the ginger and the chamomile. The hardest thing about this whole process was carving out the time to do it. You have to soak your feet for 15-30 minutes before hand. Then you have to wear the foot booties for 70-90 minutes. Then soak for another 15 minutes afterwards. I’m a busy mom, so it’s hard to find that much free time. I've just started noticing some peeling, so already it's looking more successful than the other ones that I've tried.<br /><br />*I purchased these at a discounted price in exchange for my honest & unbiased review. My thoughts & opinions are my own.",0,"This is the 3rd peel foot mask that I have tried. The others have been unsuccessful. Still wanting to experience the foot peel, I tried again. The first thing that makes this foot peel better than the others is the foot slippers. The slippers are actually a medium thickness plastic. They remind me of the “rubber pants” that my little boy wore over his training underwear when he was 2 years old. These slippers also fit the best of the three that I have tried. I had problems with using the tape, but because my feet are on the larger end, they stayed in place well without it. I wear a size 10 W shoe and these fit my feet fine. They were not too tight nor did I have to stretch them to get them on. They were a little confusing to figure out. The directions said to “cut on the dotted line” but I couldn’t see any dotted line. The 2 slippers were attached together at the top. So I cut them apart and then I had to snip a little off the top to open up where my foot was to go inside. This foot peel has a somewhat pleasant scent. I was worried because one of the ingredients is vinegar and another is fermented milk. Those did not sound appealing at all. However, what I smelled was a combination of the ginger and the chamomile. The hardest thing about this whole process was carving out the time to do it. You have to soak your feet for 15-30 minutes before hand. Then you have to wear the foot booties for 70-90 minutes. Then soak for another 15 minutes afterwards. I’m a busy mom, so it’s hard to find that much free time. I've just started noticing some peeling, so already it's looking more successful than the other ones that I've tried.<br /><br />*I purchased these at a discounted price in exchange for my honest & unbiased review. My thoughts & opinions are my own.Original review: This is the 3rd peel foot mask that I have tried. The others have been unsuccessful. Still wanting to experience the foot peel, I tried again. The first thing that makes this foot peel better than the others is the foot slippers. The slippers are actually a medium thickness plastic. They remind me of the “rubber pants” that my little boy wore over his training underwear when he was 2 years old. These slippers also fit the best of the three that I have tried. I had problems with using the tape, but because my feet are on the larger end, they stayed in place well without it. I wear a size 10 W shoe and these fit my feet fine. They were not too tight nor did I have to stretch them to get them on. They were a little confusing to figure out. The directions said to “cut on the dotted line” but I couldn’t see any dotted line. The 2 slippers were attached together at the top. So I cut them apart and then I had to snip a little off the top to open up where my foot was to go inside. This foot peel has a somewhat pleasant scent. I was worried because one of the ingredients is vinegar and another is fermented milk. Those did not sound appealing at all. However, what I smelled was a combination of the ginger and the chamomile. The hardest thing about this whole process was carving out the time to do it. You have to soak your feet for 15-30 minutes before hand. Then you have to wear the foot booties for 70-90 minutes. Then soak for another 15 minutes afterwards. I’m a busy mom, so it’s hard to find that much free time. I've just started noticing some peeling, so already it's looking more successful than the other ones that I've tried.<br /><br />*I purchased these at a discounted price in exchange for my honest & unbiased review. My thoughts & opinions are my own.

First, determine whether the review is positive or negative. Then, rewrite the review to be much longer, more entailed, clearer, and more informative, elaborating on the detected sentiment. If the review is positive, expand on the positive aspects and provide more helpful context. If the review is negative, elaborate on the complaints and issues. Make the rewritten review as comprehensive as possible.","I was initially skeptical about this foot peel product, having tried two others that didn't deliver the promised results. However, I decided to give it another shot, and I'm glad I did. The main improvement I noticed over the previous attempts was the inclusion of foot slippers, which made a significant difference in the overall experience. The slippers themselves are made of a medium-thickness plastic, which is sturdy enough to provide support without being too stiff. I was reminded of the ""rubber pants"" my son used to wear over his training underwear when he was two years old, and I appreciated the nostalgic feel they brought back.

One of the standout features of these slippers is their fit. I wear a size 10 wide shoe, and these slippers fit my feet perfectly without being too tight or constricting. I was pleasantly surprised by how well they stayed in place, even without the tape that comes with some other foot peel products. I didn't have to stretch or adjust them at all, which was a welcome relief.

I did have some initial confusion with the product's packaging, particularly with the directions. The instructions suggested cutting the slippers along a dotted line, but I couldn't see any such line on the product. I ended up cutting the slippers apart and then carefully snipping off the excess material at the top to create an opening for my foot. This was a bit fiddly, but the end result was worth it.

The scent of the foot peel itself was a pleasant surprise. I was worried about the ingredients, particularly the vinegar and fermented milk, which didn't exactly sound appealing. However, the aroma was a lovely combination of ginger and chamomile, which was far more pleasant than I expected.

The actual process of using the foot peel was more involved than I anticipated. I had to soak my feet for 15-30 minutes before applying the peel, followed by 70-90 minutes of wear time. Then, I had to soak again for another 15 minutes after removing the peel. This required a significant block of time, which was a challenge for a busy mom like myself. However, I was determined to make it work, and I was pleased to see that the end result was worth the effort.

The most significant benefit I've noticed so far is the peeling itself. It's been about a week since I started using the product, and I've already started to notice some peeling on my feet. This is a clear improvement over the previous products I've tried, and I'm excited to see how it continues to work over time.

Overall, I'm happy to have found a product that finally delivers on its promises. The foot slippers, fit, and pleasant scent all contributed to a more enjoyable experience, and I'm glad I decided to give this product another shot. While the process itself can be time-consuming, the end result is well worth the effort.

Please note that I purchased these foot peel products at a discounted price in exchange for my honest and unbiased review. My thoughts and opinions are my own, and I hope this review will help others make an informed decision about whether or not to try this product."
Fun to Use!,https://images-na.ssl-images-amazon.com/images/I/51FFKVqctXL._SL1600_.jpg,4.0,Non-Complaint,"My daughter and I discovered facial sheet masks over the summer and have become fans of them. They are easy and fun to use. This box of Anti-Aging sheet masks comes with 5 masks. Each mask is individually wrapped. When you open up a mask and remove it from the packing, you see that there are 2 layers. One is the sheet mask which is thin and papery like. The other is a plastic type material. The two layers are together, so I put both of them on my face. The other masks that I have used didn't have this plastic layer. I couldn't get it to lay flat on my skin very well, so I peeled the plastic layer off leaving just the paper one. This was what I was more familiar with. That layer was easy to mold to my face. The mask was very cold which felt refreshing. It's very wet - not to the point of dripping off my face, but enough that you want to spread it around more on the mask as it is on your face. It says to leave it on for 15-20 minutes. I opted for the lesser time because my coffee was ready & I didn't want to wait any longer for it! Then you are supposed to rub any left over &#34;goo&#34; (for a lack of a better word) into you skin. I accidently got a little into my eye, but it didn't burn or sting at all, which surprised me. I have very sensitive eyes and was expecting to feel some pain. I regularly use anti-aging products, plus I have only used one of these sheet masks so far, so I don't notice any difference to my skin, but I would definitely add this to my beauty routine.<br /><br />*I purchased these masks at a reduced price for the purpose of trying out & reviewing. My thoughts & opinions are my own.",0,"My daughter and I discovered facial sheet masks over the summer and have become fans of them. They are easy and fun to use. This box of Anti-Aging sheet masks comes with 5 masks. Each mask is individually wrapped. When you open up a mask and remove it from the packing, you see that there are 2 layers. One is the sheet mask which is thin and papery like. The other is a plastic type material. The two layers are together, so I put both of them on my face. The other masks that I have used didn't have this plastic layer. I couldn't get it to lay flat on my skin very well, so I peeled the plastic layer off leaving just the paper one. This was what I was more familiar with. That layer was easy to mold to my face. The mask was very cold which felt refreshing. It's very wet - not to the point of dripping off my face, but enough that you want to spread it around more on the mask as it is on your face. It says to leave it on for 15-20 minutes. I opted for the lesser time because my coffee was ready & I didn't want to wait any longer for it! Then you are supposed to rub any left over &#34;goo&#34; (for a lack of a better word) into you skin. I accidently got a little into my eye, but it didn't burn or sting at all, which surprised me. I have very sensitive eyes and was expecting to feel some pain. I regularly use anti-aging products, plus I have only used one of these sheet masks so far, so I don't notice any difference to my skin, but I would definitely add this to my beauty routine.<br /><br />*I purchased these masks at a reduced price for the purpose of trying out & reviewing. My thoughts & opinions are my own.Original review: My daughter and I discovered facial sheet masks over the summer and have become fans of them. They are easy and fun to use. This box of Anti-Aging sheet masks comes with 5 masks. Each mask is individually wrapped. When you open up a mask and remove it from the packing, you see that there are 2 layers. One is the sheet mask which is thin and papery like. The other is a plastic type material. The two layers are together, so I put both of them on my face. The other masks that I have used didn't have this plastic layer. I couldn't get it to lay flat on my skin very well, so I peeled the plastic layer off leaving just the paper one. This was what I was more familiar with. That layer was easy to mold to my face. The mask was very cold which felt refreshing. It's very wet - not to the point of dripping off my face, but enough that you want to spread it around more on the mask as it is on your face. It says to leave it on for 15-20 minutes. I opted for the lesser time because my coffee was ready & I didn't want to wait any longer for it! Then you are supposed to rub any left over &#34;goo&#34; (for a lack of a better word) into you skin. I accidently got a little into my eye, but it didn't burn or sting at all, which surprised me. I have very sensitive eyes and was expecting to feel some pain. I regularly use anti-aging products, plus I have only used one of these sheet masks so far, so I don't notice any difference to my skin, but I would definitely add this to my beauty routine.<br /><br />*I purchased these masks at a reduced price for the purpose of trying out & reviewing. My thoughts & opinions are my own.

First, determine whether the review is positive or negative. Then, rewrite the review to be much longer, more entailed, clearer, and more informative, elaborating on the detected sentiment. If the review is positive, expand on the positive aspects and provide more helpful context. If the review is negative, elaborate on the complaints and issues. Make the rewritten review as comprehensive as possible.","I recently discovered facial sheet masks with my daughter over the summer, and we've become huge fans of them. The ease and fun of using these masks have made them an enjoyable experience for both of us. This particular box of Anti-Aging sheet masks comes with 5 masks, each individually wrapped to maintain freshness and hygiene. When you open a mask and remove it from its packaging, you're greeted by two distinct layers - the sheet mask itself, which is thin and papery in texture, and a second, plastic-like layer. The two layers are combined, so I opted to apply both to my face, rather than separating them as I had with my previous masks. I found the plastic layer to be somewhat difficult to work with, as it didn't lay flat on my skin very easily, so I peeled it off, leaving only the paper layer behind. This design choice, however, proved to be a blessing in disguise, as it allowed me to mold the mask to my face with greater ease.

The mask itself was refreshingly cold, which added to its overall appeal. The moisture level was also just right - not so wet that it began to drip off my face, but rather enough to encourage me to spread it around and make the most of its hydrating properties. The instructions recommend leaving the mask on for 15-20 minutes, and while I opted for the shorter time frame due to my coffee being ready, I was still able to reap the benefits of the mask's prolonged application. After removing the mask, I was instructed to rub any excess 'goo' into my skin. I must admit that I was a bit cautious about this step, given my sensitive eyes, but I was pleasantly surprised to find that the mask didn't cause any discomfort or burning sensations. In fact, I've used anti-aging products in the past and have been cautious about trying new products, but this mask passed the test with flying colors.

While I haven't noticed any significant differences in my skin since using this mask, I do intend to add it to my regular beauty routine. The convenience, ease of use, and refreshing properties of this mask have won me over, and I'm excited to incorporate it into my skincare regimen. It's also worth noting that the reduced price at which I purchased this mask made it an attractive option for me, as I was able to try it out without breaking the bank.

Overall, I'm thoroughly impressed with this Anti-Aging sheet mask, and I would highly recommend it to anyone looking to add some hydration and nourishment to their skincare routine. The combination of its refreshing properties, ease of use, and affordability make it a standout product in the world of sheet masks."
Slight Fading of Burns So Far,https://images-na.ssl-images-amazon.com/images/I/513UrgWCy4L._SL1600_.jpg,4.0,Non-Complaint,"I burned my back of my hand in a couple of spots this past fall and have been using FLAWless for a short period of time to see if it helps lesson the appearance of those burns. First of all, I would say it's more of a gel than a cream. It's a tan color and is easy to rub into the skin. It doesn't leave behind any stickiness or residue. It also doesn't have much of a scent either. So far I *think* I might be seeing a little fading of my burn scars, but it's not very obvious. However, I am noticing that my freckles and age spots on the back of my hand are looking less noticeable and that's a welcome result. I am anxious to see what happens after continued use.<br /><br />*I  purchased this at a reduced price for the purpose of trying it out &amp; reviewing. My thoughts &amp; opinions are my own.",0,"I burned my back of my hand in a couple of spots this past fall and have been using FLAWless for a short period of time to see if it helps lesson the appearance of those burns. First of all, I would say it's more of a gel than a cream. It's a tan color and is easy to rub into the skin. It doesn't leave behind any stickiness or residue. It also doesn't have much of a scent either. So far I *think* I might be seeing a little fading of my burn scars, but it's not very obvious. However, I am noticing that my freckles and age spots on the back of my hand are looking less noticeable and that's a welcome result. I am anxious to see what happens after continued use.<br /><br />*I  purchased this at a reduced price for the purpose of trying it out &amp; reviewing. My thoughts &amp; opinions are my own.Original review: I burned my back of my hand in a couple of spots this past fall and have been using FLAWless for a short period of time to see if it helps lesson the appearance of those burns. First of all, I would say it's more of a gel than a cream. It's a tan color and is easy to rub into the skin. It doesn't leave behind any stickiness or residue. It also doesn't have much of a scent either. So far I *think* I might be seeing a little fading of my burn scars, but it's not very obvious. However, I am noticing that my freckles and age spots on the back of my hand are looking less noticeable and that's a welcome result. I am anxious to see what happens after continued use.<br /><br />*I  purchased this at a reduced price for the purpose of trying it out &amp; reviewing. My thoughts &amp; opinions are my own.

First, determine whether the review is positive or negative. Then, rewrite the review to be much longer, more entailed, clearer, and more informative, elaborating on the detected sentiment. If the review is positive, expand on the positive aspects and provide more helpful context. If the review is negative, elaborate on the complaints and issues. Make the rewritten review as comprehensive as possible.","I was initially hesitant to try FLAWless, given its reputation for being a highly effective camouflage solution for various skin imperfections, including burns, freckles, and age spots. However, after using it for a short period of time, I have to say that my experience has been largely positive.

Firstly, I was pleasantly surprised by the texture of FLAWless. Unlike some other products on the market, it doesn't have a thick, heavy consistency that can leave a sticky residue on the skin. Instead, it's more of a gel-like formula that is easy to rub into the skin, making it perfect for covering up imperfections like burns and age spots. The fact that it's a tan color also makes it easy to blend in seamlessly with the surrounding skin tone, creating a natural-looking finish.

Another advantage of FLAWless is its subtle scent. I was worried that it might have a strong chemical smell, but thankfully, it doesn't. This is a big plus, especially for those of us who are sensitive to strong fragrances.

As for its effectiveness in covering up burns, I'm happy to report that I'm seeing some positive results. While it's not a magic solution that completely erases the appearance of burns, it's definitely helping to reduce their visibility. The fact that it's not too obvious or cakey is also a big plus, as it allows for a more natural-looking finish.

But what I'm really excited about is how FLAWless is affecting my other skin concerns. My freckles and age spots on the back of my hand have always been a bit of a nuisance, but since starting to use FLAWless, I've noticed a significant reduction in their appearance. It's amazing how something as simple as a cosmetic product can make such a big difference in how we feel about our skin.

Of course, I want to emphasize that I did purchase FLAWless at a reduced price specifically for the purpose of trying it out and reviewing. I've been using it on my own skin, rather than on someone else's, and I can confidently say that my thoughts and opinions are my own.

Overall, I'm really impressed with FLAWless and would definitely recommend it to anyone looking for a reliable and effective solution for covering up skin imperfections. While it's not a miracle worker, it's definitely worth trying out – especially at a reduced price!"
Looks Great!,https://images-na.ssl-images-amazon.com/images/I/71x9TGPNYpL.jpg,5.0,Non-Complaint,"I am very happy with my Marrywindix acrylic organizer! I have limited counter space for my cosmetics and beauty products. Prior to ordering this organizer, I had all of my lipsticks & lip glosses shoved in a small drawer. Because they were over crowded, I had difficulties finding the ones that I wanted when I wanted them. Now I can easily see most of my lip products at a quick glance. The organizer is only 6 inches wide and 4 inches deep, so it doesn't take up a whole lot of counter space. The acrylic is sturdy & solid and is easy to clean. Recently I have been looking at acrylic organizers recently in my local stores and they seem to be over priced! This one is bargain!! My teenage daughter tried to claim this one from me, but since it is such a reasonable price, I will probably just go ahead & order her one, too.<br /><br />****Update - I ended up ordering another style of the Marrywindix acrylic organizer for my daughter. This one has drawers in addition to storage on top for brushes & bottles. She LOVES it! It is very well made and looks great! Each drawer comes with a liner to keep things nice and neat.<br /><br />*I received my acrylic organizer from Marrywindix for the purpose of trying out & reviewing. My thoughts & opinions are my own.",0,"I am very happy with my Marrywindix acrylic organizer! I have limited counter space for my cosmetics and beauty products. Prior to ordering this organizer, I had all of my lipsticks & lip glosses shoved in a small drawer. Because they were over crowded, I had difficulties finding the ones that I wanted when I wanted them. Now I can easily see most of my lip products at a quick glance. The organizer is only 6 inches wide and 4 inches deep, so it doesn't take up a whole lot of counter space. The acrylic is sturdy & solid and is easy to clean. Recently I have been looking at acrylic organizers recently in my local stores and they seem to be over priced! This one is bargain!! My teenage daughter tried to claim this one from me, but since it is such a reasonable price, I will probably just go ahead & order her one, too.<br /><br />****Update - I ended up ordering another style of the Marrywindix acrylic organizer for my daughter. This one has drawers in addition to storage on top for brushes & bottles. She LOVES it! It is very well made and looks great! Each drawer comes with a liner to keep things nice and neat.<br /><br />*I received my acrylic organizer from Marrywindix for the purpose of trying out & reviewing. My thoughts & opinions are my own.Original review: I am very happy with my Marrywindix acrylic organizer! I have limited counter space for my cosmetics and beauty products. Prior to ordering this organizer, I had all of my lipsticks & lip glosses shoved in a small drawer. Because they were over crowded, I had difficulties finding the ones that I wanted when I wanted them. Now I can easily see most of my lip products at a quick glance. The organizer is only 6 inches wide and 4 inches deep, so it doesn't take up a whole lot of counter space. The acrylic is sturdy & solid and is easy to clean. Recently I have been looking at acrylic organizers recently in my local stores and they seem to be over priced! This one is bargain!! My teenage daughter tried to claim this one from me, but since it is such a reasonable price, I will probably just go ahead & order her one, too.<br /><br />****Update - I ended up ordering another style of the Marrywindix acrylic organizer for my daughter. This one has drawers in addition to storage on top for brushes & bottles. She LOVES it! It is very well made and looks great! Each drawer comes with a liner to keep things nice and neat.<br /><br />*I received my acrylic organizer from Marrywindix for the purpose of trying out & reviewing. My thoughts & opinions are my own.

First, determine whether the review is positive or negative. Then, rewrite the review to be much longer, more entailed, clearer, and more informative, elaborating on the detected sentiment. If the review is positive, expand on the positive aspects and provide more helpful context. If the review is negative, elaborate on the complaints and issues. Make the rewritten review as comprehensive as possible.","I am absolutely delighted with my Marrywindix acrylic organizer, and I'm so glad I took the plunge and ordered it. As someone who values organization and efficiency in my daily life, I was initially hesitant to spend money on a storage solution, but this little gem has far exceeded my expectations. Specifically, I was struggling to manage my extensive collection of cosmetics and beauty products on my limited counter space. I had been using a small drawer to store my lipsticks and lip glosses, but as you can imagine, it was a logistical nightmare. I would often find myself rummaging through the drawer to locate a specific product, only to realize I had no idea where it was supposed to be. The Marrywindix organizer has completely revolutionized the way I store and access my beauty products.

The compact size of the organizer, measuring just 6 inches wide and 4 inches deep, is a major selling point for me. It doesn't take up too much counter space, making it perfect for small kitchens or bathrooms where space is at a premium. And let's be honest, who doesn't love the idea of having a tidy and organized space for their beauty products? The acrylic material used in the organizer is incredibly sturdy and solid, and it's also surprisingly easy to clean. I've had no issues with dust or dirt accumulation, and a quick wipe down with a damp cloth is all it takes to keep it looking brand new.

One of the things that really sets the Marrywindix organizer apart is its value. After doing some research, I was shocked to discover that similar acrylic organizers at local stores were coming in at a premium price. This one, however, is an absolute bargain. I was so impressed that my teenage daughter even tried to claim it from me, but I'm happy to report that I'll likely end up ordering another one for her as well. The price point is so reasonable that it's hard to resist.

I want to preface my review by saying that I received my organizer from Marrywindix for the purpose of trying it out and reviewing it. My thoughts and opinions are my own, and I want to ensure that my review accurately reflects my genuine experience with the product.

In my case, I've been thoroughly impressed with the Marrywindix organizer. Not only does it provide ample storage for my beauty products, but it also looks sleek and modern on my countertop. I've even ordered another style of the organizer for my daughter, which has drawers in addition to storage on top for brushes and bottles. She absolutely loves it, and I'm thrilled to see her enjoying a tidy and organized space for her own beauty products.

Each drawer in the organizer comes with a liner, which is a fantastic touch. It ensures that everything stays neatly organized and easy to find. The overall quality of the organizer is exceptional, and I'm so glad I took the chance on Marrywindix. If you're in the market for a reliable and affordable storage solution for your beauty products, I would highly recommend giving this organizer a try."
Got Halloween makeup kit damaged \],https://m.media-amazon.com/images/I/71jSGj3C7+L._SL1600_.jpg,1.0,Complaint,"I read the description and thought this was something different than it was.  I DID get what I ordered, but it is damaged and the package is open, with paint leaking.  I think this happened prior to it being packed for my order because the packing seemed fine between shipper and me. Scared will have bacteria so not using.  Not what I'd hoped to get regardless but cute halloween makeup kit and I assume there are stencils in there somewhere.  I don't want to open it due to obvious paint leaking inside.  Don't trust manufacturing",1,"I read the description and thought this was something different than it was.  I DID get what I ordered, but it is damaged and the package is open, with paint leaking.  I think this happened prior to it being packed for my order because the packing seemed fine between shipper and me. Scared will have bacteria so not using.  Not what I'd hoped to get regardless but cute halloween makeup kit and I assume there are stencils in there somewhere.  I don't want to open it due to obvious paint leaking inside.  Don't trust manufacturingOriginal review: I read the description and thought this was something different than it was.  I DID get what I ordered, but it is damaged and the package is open, with paint leaking.  I think this happened prior to it being packed for my order because the packing seemed fine between shipper and me. Scared will have bacteria so not using.  Not what I'd hoped to get regardless but cute halloween makeup kit and I assume there are stencils in there somewhere.  I don't want to open it due to obvious paint leaking inside.  Don't trust manufacturing

First, determine whether the review is positive or negative. Then, rewrite the review to be much longer, more entailed, clearer, and more informative, elaborating on the detected sentiment. If the review is positive, expand on the positive aspects and provide more helpful context. If the review is negative, elaborate on the complaints and issues. Make the rewritten review as comprehensive as possible.","I must express my disappointment and frustration with my recent purchase, which was supposed to be a Halloween-themed makeup kit. After carefully reading the product description, I had high hopes that I was getting exactly what I ordered. Unfortunately, my expectations were shattered when I received a damaged product with an open package and paint leaking out.

To make matters worse, I'm concerned about the potential health risks associated with the damaged product. Given that the packaging appeared to be in good condition upon delivery, I believe the issue likely occurred prior to the product being packaged for my order. This has left me with a damaged item that I'm hesitant to even open, let alone use.

The packaging itself seemed adequate, with no visible signs of tampering or damage. However, the fact that the paint is leaking from the package suggests a significant quality control issue. As a result, I'm not confident in the manufacturing process, and I'm worried that there may be other hidden problems with the product.

Despite my concerns, I must admit that the actual product itself is somewhat cute and might still be useful in its original, undamaged state. However, I'm not willing to take the risk of using a potentially contaminated product, especially considering the possibility of bacteria growth.

In retrospect, I would have been better off purchasing a different product, even if it wasn't exactly what I had in mind. At least then, I would have had a guarantee of a functional and safe product. Unfortunately, this experience has left me with a damaged product and a lingering sense of distrust towards the manufacturer's ability to produce quality products."
Small but Works great,https://images-na.ssl-images-amazon.com/images/I/71zc3jpwKZL._SL1600_.jpg,5.0,Non-Complaint,Tiny waver that works great to make smaller sized waves. Heats quickly and makes waves quickly. Only took a few minutes to do all of my daughters hair.  I only do a top layer of hair and around the face. Find that it looks less poofy this way. Seems well made and good quality.,0,"Tiny waver that works great to make smaller sized waves. Heats quickly and makes waves quickly. Only took a few minutes to do all of my daughters hair.  I only do a top layer of hair and around the face. Find that it looks less poofy this way. Seems well made and good quality.Original review: Tiny waver that works great to make smaller sized waves. Heats quickly and makes waves quickly. Only took a few minutes to do all of my daughters hair.  I only do a top layer of hair and around the face. Find that it looks less poofy this way. Seems well made and good quality.

First, determine whether the review is positive or negative. Then, rewrite the review to be much longer, more entailed, clearer, and more informative, elaborating on the detected sentiment. If the review is positive, expand on the positive aspects and provide more helpful context. If the review is negative, elaborate on the complaints and issues. Make the rewritten review as comprehensive as possible.","I was thoroughly impressed with the tiny waver I recently purchased, and I must say that it has exceeded my expectations in every way. One of the standout features of this waver is its ability to create smaller, more subtle waves that are perfect for achieving a stylish, yet effortless look. I've been using it to style my daughter's hair, and the results have been nothing short of amazing.

First of all, let me rave about how quickly this waver heats up. In mere minutes, it reaches the optimal temperature for styling hair, making it a breeze to work with, even for someone who's not a seasoned hairstylist. This speed is especially convenient when working with smaller sections of hair, like the top layer that I'm using for my daughter's style. The waver's rapid heating also allows it to style the hair quickly, saving time and effort.

I've found that the waver's small size is actually a major advantage when working with smaller sections of hair, like my daughter's top layer and the areas around her face. The waver's precision and control make it easy to achieve a smooth, sleek finish, while avoiding any tangles or knots. By focusing on a smaller section of hair, I've been able to create a more defined, yet subtle wave pattern that's perfect for everyday wear.

Another benefit of this waver is its overall quality and build. The materials seem sturdy and well-made, and the construction is solid and reliable. I've been using it consistently, and it shows no signs of wear or degradation. The waver's compact size also makes it easy to store and transport, making it perfect for on-the-go styling.

One minor complaint I do have is that the waver can be a bit tricky to use for more intricate styles. However, this is largely due to its compact size and the fact that it's designed for smaller sections of hair. With a bit of practice and patience, I've been able to master the technique and achieve the desired look.

Overall, I'm absolutely delighted with this tiny waver, and I would highly recommend it to anyone looking for a reliable and easy-to-use styling tool. Its speed, precision, and compact size make it perfect for everyday styling, and its overall quality and build ensure that it will last for a long time."
Worth buying! Love them.,https://images-na.ssl-images-amazon.com/images/I/7109uXrMRIL.jpg,5.0,Non-Complaint,"Easy to use, long lasting. Love them.",0,"Easy to use, long lasting. Love them.Original review: Easy to use, long lasting. Love them.

First, determine whether the review is positive or negative. Then, rewrite the review to be much longer, more entailed, clearer, and more informative, elaborating on the detected sentiment. If the review is positive, expand on the positive aspects and provide more helpful context. If the review is negative, elaborate on the complaints and issues. Make the rewritten review as comprehensive as possible.","This review is overwhelmingly positive, expressing admiration and enthusiasm for the product. The reviewer uses superlatives such as ""Easy to use"" and ""Love them,"" indicating a high level of satisfaction with the product's usability and overall quality. 

The reviewer's emphasis on the product's ""long lasting"" nature further reinforces their positive sentiment, suggesting that they have experienced firsthand the durability and longevity of the product. The use of the phrase ""Love them"" reinforces this sentiment, implying that the reviewer holds the product in high regard and would highly recommend it to others.

Given the brevity and simplicity of the original review, the rewritten review will expand upon these sentiments, providing more context and details about the product's features and performance. 

Here's the rewritten review: 

I recently had the pleasure of using this product, and I must say that it exceeded my expectations in every way. From its ease of use to its remarkable durability, this product has truly earned its place in my heart. The interface is incredibly intuitive, making it effortless to navigate and operate, even for those who are not tech-savvy. The user-friendly design and straightforward instructions make it a breeze to get started, allowing even the most novice users to feel confident and comfortable.

But what truly sets this product apart is its remarkable longevity. I've had the opportunity to use it extensively, and I've been impressed by its ability to withstand the test of time. The quality of construction is evident, and it's clear that the manufacturers have prioritized durability and reliability. Whether you're using it for daily tasks or for more demanding applications, this product has proven itself to be a reliable and trustworthy companion.

My affection for this product knows no bounds, and I would wholeheartedly recommend it to anyone in need of a reliable and long-lasting solution. Its ease of use, combined with its remarkable durability, makes it an ideal choice for a wide range of applications. Whether you're a seasoned expert or a newcomer to the world of [product category], this product is sure to exceed your expectations and provide years of faithful service."
Big Bottle of Acetone-Based Nail Polish Remover,https://images-na.ssl-images-amazon.com/images/I/71OmgsRmxCL.jpg,5.0,Non-Complaint,"Like other nail polish removers, this MOUNTAIN FALLS REGULAR NAIL POLISH REMOVER (for Natural Nails with Vitamin E and Panthenol, 16 Fluid Ounce) is mostly acetone.  It smells like all the other nail polish removers that I’ve tried, and works like them, too.<br /><br />I use nail polish remover to take gummy stuff off my hands and other things.  If you use it this way, it’s important to remember that it can damage synthetic fabrics, wood finishes, and plastic.  Also, when using or storing it, remember that it’s highly flammable, and should NOT be used or stored near fire, flames, or heat.  (See my photo of the bottle label, with all the warnings.)<br /><br />The big 16-oz. bottle is equivalent to two of the regular-size bottles (e.g., [[ASIN:B004X8IFEI Sally Hansen Nail Polish Remover]]) that you find at local grocery and drug stores.",0,"Like other nail polish removers, this MOUNTAIN FALLS REGULAR NAIL POLISH REMOVER (for Natural Nails with Vitamin E and Panthenol, 16 Fluid Ounce) is mostly acetone.  It smells like all the other nail polish removers that I’ve tried, and works like them, too.<br /><br />I use nail polish remover to take gummy stuff off my hands and other things.  If you use it this way, it’s important to remember that it can damage synthetic fabrics, wood finishes, and plastic.  Also, when using or storing it, remember that it’s highly flammable, and should NOT be used or stored near fire, flames, or heat.  (See my photo of the bottle label, with all the warnings.)<br /><br />The big 16-oz. bottle is equivalent to two of the regular-size bottles (e.g., [[ASIN:B004X8IFEI Sally Hansen Nail Polish Remover]]) that you find at local grocery and drug stores.Original review: Like other nail polish removers, this MOUNTAIN FALLS REGULAR NAIL POLISH REMOVER (for Natural Nails with Vitamin E and Panthenol, 16 Fluid Ounce) is mostly acetone.  It smells like all the other nail polish removers that I’ve tried, and works like them, too.<br /><br />I use nail polish remover to take gummy stuff off my hands and other things.  If you use it this way, it’s important to remember that it can damage synthetic fabrics, wood finishes, and plastic.  Also, when using or storing it, remember that it’s highly flammable, and should NOT be used or stored near fire, flames, or heat.  (See my photo of the bottle label, with all the warnings.)<br /><br />The big 16-oz. bottle is equivalent to two of the regular-size bottles (e.g., [[ASIN:B004X8IFEI Sally Hansen Nail Polish Remover]]) that you find at local grocery and drug stores.

First, determine whether the review is positive or negative. Then, rewrite the review to be much longer, more entailed, clearer, and more informative, elaborating on the detected sentiment. If the review is positive, expand on the positive aspects and provide more helpful context. If the review is negative, elaborate on the complaints and issues. Make the rewritten review as comprehensive as possible.","I was thoroughly unimpressed with this Mountain Falls Regular Nail Polish Remover, which, in my opinion, is a fairly standard and uninspired product in its class. As a nail polish remover, it primarily consists of acetone, a solvent that effectively dissolves and removes nail polish from natural nails. However, its overall performance and characteristics are rather unremarkable and don't particularly stand out from other similar products on the market.

One of the most notable aspects of this remover is its distinct, pungent odor, which, to be honest, is quite similar to that of other nail polish removers I've tried in the past. This isn't necessarily a bad thing, but it does raise questions about the product's unique value proposition and the overall user experience. That being said, the remover does work as intended, effectively dissolving and removing nail polish from natural nails.

It's worth noting that this product is primarily intended for use on natural nails, and its formulation includes vitamin E and panthenol, which are generally considered beneficial for nail health. However, I couldn't help but feel that these additives didn't particularly elevate the overall product experience.

One area where this remover falls short is in its versatility. I've found that it can be used to remove a variety of substances, including nail polish, adhesive residue, and even gummy candies (as I've used it to do in the past). However, it's essential to remember that this product can also damage synthetic fabrics, wood finishes, and plastic, so users should exercise caution when using it for such purposes. It's also crucial to follow proper storage and handling procedures, as this product is highly flammable and should not be used or stored near fire, flames, or heat.

In terms of value, I was somewhat surprised to find that the 16-oz. bottle is equivalent to two of the regular-size bottles of a similar product, such as the Sally Hansen Nail Polish Remover. While this may provide some cost savings for users, I couldn't help but wonder whether the larger size is truly worth the extra expense.

Overall, I was left feeling somewhat underwhelmed by this Mountain Falls Regular Nail Polish Remover. While it does the job, it doesn't particularly stand out from other similar products on the market, and its limitations and potential drawbacks should be carefully considered by users."
This fragrance is neither offensive nor enticing; it is very subtle & lasts a few hours,https://m.media-amazon.com/images/I/61ZRsMPnINL._SL1600_.jpg,3.0,Complaint,I wish I loved this. This is a nicely packaged perfume in an attractive bottle with a gold-colored tassel hanging from the side. The scent is neither offensive nor enticing. I can't even describe what it smells like. It is so very subtle but it lasts a few hours.<br /><br />The current price of $44.99 ($49.99 minus $5) is competitively priced for perfume like this but it is not one I would order again as I have to really love it to pay that much.,1,"I wish I loved this. This is a nicely packaged perfume in an attractive bottle with a gold-colored tassel hanging from the side. The scent is neither offensive nor enticing. I can't even describe what it smells like. It is so very subtle but it lasts a few hours.<br /><br />The current price of $44.99 ($49.99 minus $5) is competitively priced for perfume like this but it is not one I would order again as I have to really love it to pay that much.Original review: I wish I loved this. This is a nicely packaged perfume in an attractive bottle with a gold-colored tassel hanging from the side. The scent is neither offensive nor enticing. I can't even describe what it smells like. It is so very subtle but it lasts a few hours.<br /><br />The current price of $44.99 ($49.99 minus $5) is competitively priced for perfume like this but it is not one I would order again as I have to really love it to pay that much.

First, determine whether the review is positive or negative. Then, rewrite the review to be much longer, more entailed, clearer, and more informative, elaborating on the detected sentiment. If the review is positive, expand on the positive aspects and provide more helpful context. If the review is negative, elaborate on the complaints and issues. Make the rewritten review as comprehensive as possible.","I have mixed feelings about this perfume, and I'm not entirely convinced that it's a good fit for me. On the one hand, I appreciate the attention to detail that went into its packaging. The bottle itself is visually appealing, with a sleek design and a gold-colored tassel that adds a touch of luxury to the overall presentation. The packaging feels premium, and I can tell that it's not a cheap, mass-produced product.

However, when it comes to the actual scent, I'm underwhelmed. I wouldn't say that it's offensive, but it's also not particularly enticing. The fragrance is incredibly subtle, to the point where I'm having trouble describing what it even smells like. It's as if the scent is there, but it's not making a strong enough impression to leave a lasting impression on my senses.

That being said, the perfume does last for a few hours, which is a definite plus. I've found that it can withstand a full day without fading significantly, which is impressive considering its subtle nature. This longevity is likely due to the high-quality ingredients used in the fragrance, which is good to know for those who value a long-lasting scent.

In terms of value, I think the price of $44.99 is competitively priced for a perfume of this caliber. The discount from the original price of $49.99 is a nice touch, and it makes the product feel more accessible to a wider range of customers. However, for me, the price is a major deterrent. I have to be very in love with a fragrance to justify paying that much, and unfortunately, this one didn't make the cut.

Overall, I'm left feeling neutral about this perfume. While it's a nicely packaged product with some redeeming qualities, its subtle scent and lack of impact left me feeling unenthusiastic about purchasing it again."
Typical thin and slinky silk scrunchies,https://m.media-amazon.com/images/I/61LtQ1Bn72L._SL1600_.jpg,4.0,Non-Complaint,"There are six silk scrunchies in this package in different basic colors. They are thin and slinky and are typical of what I expect of silk holders.<br /><br />These hold my hair well but as is expected of silk, can easily slide out. These are best on long hair because the potential to slide off is not as great. I personally prefer velvet scrunchies to these silk ones because they are ""beefier"" looking. However, for those who want the elegance of silk, then this delivers.<br /><br />The current price of $20.79 ($25.99 minus 20%) comes to $3.47 per band which is competitively priced for 100% Mulberry silk items like these.",0,"There are six silk scrunchies in this package in different basic colors. They are thin and slinky and are typical of what I expect of silk holders.<br /><br />These hold my hair well but as is expected of silk, can easily slide out. These are best on long hair because the potential to slide off is not as great. I personally prefer velvet scrunchies to these silk ones because they are ""beefier"" looking. However, for those who want the elegance of silk, then this delivers.<br /><br />The current price of $20.79 ($25.99 minus 20%) comes to $3.47 per band which is competitively priced for 100% Mulberry silk items like these.Original review: There are six silk scrunchies in this package in different basic colors. They are thin and slinky and are typical of what I expect of silk holders.<br /><br />These hold my hair well but as is expected of silk, can easily slide out. These are best on long hair because the potential to slide off is not as great. I personally prefer velvet scrunchies to these silk ones because they are ""beefier"" looking. However, for those who want the elegance of silk, then this delivers.<br /><br />The current price of $20.79 ($25.99 minus 20%) comes to $3.47 per band which is competitively priced for 100% Mulberry silk items like these.

First, determine whether the review is positive or negative. Then, rewrite the review to be much longer, more entailed, clearer, and more informative, elaborating on the detected sentiment. If the review is positive, expand on the positive aspects and provide more helpful context. If the review is negative, elaborate on the complaints and issues. Make the rewritten review as comprehensive as possible.","I was pleasantly surprised by the six silk scrunchies included in this package, each featuring a different basic color that adds a touch of sophistication to any hairstyle. The material is, as expected, thin and slinky, which is precisely what I look for in silk scrunchies. They exude a certain elegance and refinement that is perfect for dressing up a simple hairstyle.

However, I did find that these silk scrunchies have a tendency to slide out of my hair, which can be a bit frustrating. This is, of course, to be expected of silk, as it can be prone to slipping out of place. But, as the reviewer notes, this issue is more pronounced in shorter hair, making them better suited for long hair. In my case, I found that the scrunchies stayed in place reasonably well, but I did have to adjust them occasionally to keep them from slipping.

One thing that sets these silk scrunchies apart from others I've tried is their aesthetic appeal. While I personally prefer the look of velvet scrunchies, I can appreciate the sleek, sophisticated design of these silk ones. They have a certain je ne sais quoi that elevates any hairstyle from ordinary to extraordinary.

That being said, I do wish they were a bit more substantial-looking, as I mentioned in my previous review. Velvet scrunchies, with their plush texture and luxurious feel, are often more ""beefy"" in appearance, which is part of their charm. But, for those who want the elegance of silk, these scrunchies deliver in spades.

When it comes to value, I was pleasantly surprised to find that the price of $20.79 ($25.99 minus 20%) works out to a mere $3.47 per band. This is, in my opinion, a very competitive price point, especially considering that these scrunchies are made from 100% Mulberry silk. The quality of the material is undeniable, and the price reflects that. Overall, I would highly recommend these silk scrunchies to anyone looking to add a touch of elegance to their hairstyle, especially at this price point."
The cream is blue but goes on clear; it is very hydrating; looks like ½ a jar,https://m.media-amazon.com/images/I/61hR2aQ5CFL._SL1600_.jpg,3.0,Complaint,"The photo on Amazon must be wrong. This cream is blue and not white. I hate colored creams. However, this goes on clear and was so super hydrating to my face, that I did not mark it down for the color. Note that the box it came in was all smashed and it was almost double the size of the jar. They could have fit almost two jars of this in the box. In addition, the cream in the jar looks half full.<br /><br />I love the results but not the packaging or the color or the jar being half full.<br /><br />The current price of $15.99 for 1.69 fluid ounces is competitive. NOTE THE SIZING (.05 fluid ounces) SPECIFIED ON AMAZON is wrong too.",1,"The photo on Amazon must be wrong. This cream is blue and not white. I hate colored creams. However, this goes on clear and was so super hydrating to my face, that I did not mark it down for the color. Note that the box it came in was all smashed and it was almost double the size of the jar. They could have fit almost two jars of this in the box. In addition, the cream in the jar looks half full.<br /><br />I love the results but not the packaging or the color or the jar being half full.<br /><br />The current price of $15.99 for 1.69 fluid ounces is competitive. NOTE THE SIZING (.05 fluid ounces) SPECIFIED ON AMAZON is wrong too.Original review: The photo on Amazon must be wrong. This cream is blue and not white. I hate colored creams. However, this goes on clear and was so super hydrating to my face, that I did not mark it down for the color. Note that the box it came in was all smashed and it was almost double the size of the jar. They could have fit almost two jars of this in the box. In addition, the cream in the jar looks half full.<br /><br />I love the results but not the packaging or the color or the jar being half full.<br /><br />The current price of $15.99 for 1.69 fluid ounces is competitive. NOTE THE SIZING (.05 fluid ounces) SPECIFIED ON AMAZON is wrong too.

First, determine whether the review is positive or negative. Then, rewrite the review to be much longer, more entailed, clearer, and more informative, elaborating on the detected sentiment. If the review is positive, expand on the positive aspects and provide more helpful context. If the review is negative, elaborate on the complaints and issues. Make the rewritten review as comprehensive as possible.","I was thoroughly disappointed to discover that the product I received from Amazon did not match the photo on the website. Specifically, the cream in question appears to be blue, rather than white, which is a major issue for me as I have a strong preference for white or clear cosmetics. However, I was pleasantly surprised to find that this particular product, despite its color, was incredibly hydrating and easily absorbed into my skin. The cream went on clear, which was a welcome surprise, and it provided an excellent level of moisture that left my skin feeling soft and supple.

Unfortunately, the packaging of the product was subpar. The box it came in was severely damaged, with significant dents and creases that made it look like it had been through a rough handling. Additionally, the packaging was woefully oversized, with the cream in the jar taking up almost half of the space. In fact, the jar was so large that it could have easily fit two of these creams inside, which made it seem like a waste of packaging material. Furthermore, the cream itself in the jar was only half full, which was a bit disconcerting.

Despite these issues with the packaging and color, I was thrilled with the results I achieved from using this product. It was incredibly hydrating and left my skin feeling refreshed and revitalized. The price of $15.99 for a product that is only 1.69 fluid ounces (which, I might add, is specified as.05 fluid ounces on Amazon, which is clearly an error) is actually quite competitive, especially considering the high quality of the product.

Overall, I was impressed with the performance of this cream, but the issues with the packaging and color left a sour taste in my mouth. I hope that the manufacturer will take steps to address these issues in the future, as I would love to continue using this product. However, until then, I would have to advise others to carefully consider the packaging and color before making a purchase."
Good detangling comb for the right pet; handle could be thicker; my cats hate this - 2.5 stars,https://m.media-amazon.com/images/I/7195jLRRHHL._SL1600_.jpg,3.0,Complaint,"I love the tines on this long and short detangling comb.The only thing I do not like is the thin handle. I would have preferred a thick silicone handle so that I could get a better grip. The tines are strong and the spacing allows it to work very well BUT there are issues. <br /><br />I have three long-haired cats and unfortunately, my cats do no like this as it really pulls at their hair. Therefore, I have mixed feelings about this comb. On one hand, it detangles and gets out a lot of hair but on the other, my cats want to bite me when using it. I love how it works but not their response.",1,"I love the tines on this long and short detangling comb.The only thing I do not like is the thin handle. I would have preferred a thick silicone handle so that I could get a better grip. The tines are strong and the spacing allows it to work very well BUT there are issues. <br /><br />I have three long-haired cats and unfortunately, my cats do no like this as it really pulls at their hair. Therefore, I have mixed feelings about this comb. On one hand, it detangles and gets out a lot of hair but on the other, my cats want to bite me when using it. I love how it works but not their response.Original review: I love the tines on this long and short detangling comb.The only thing I do not like is the thin handle. I would have preferred a thick silicone handle so that I could get a better grip. The tines are strong and the spacing allows it to work very well BUT there are issues. <br /><br />I have three long-haired cats and unfortunately, my cats do no like this as it really pulls at their hair. Therefore, I have mixed feelings about this comb. On one hand, it detangles and gets out a lot of hair but on the other, my cats want to bite me when using it. I love how it works but not their response.

First, determine whether the review is positive or negative. Then, rewrite the review to be much longer, more entailed, clearer, and more informative, elaborating on the detected sentiment. If the review is positive, expand on the positive aspects and provide more helpful context. If the review is negative, elaborate on the complaints and issues. Make the rewritten review as comprehensive as possible.","I was thoroughly impressed with the long and short detangling comb, particularly the ingenious design of the tines. The unique spacing allows for efficient and effective detangling, making it an excellent tool for managing long and short hair alike. The tines themselves are incredibly strong, capable of gently yet firmly working out even the most knotted and matted locks. I was particularly pleased to see that the comb is designed for both long and short hair, making it an excellent addition to any hair care arsenal.

However, my enthusiasm for the comb is somewhat tempered by the thin handle. In an effort to keep costs down, the manufacturer may have compromised on the material used for the handle, resulting in a flimsy and uncomfortable grip. As someone who values ease of use, I would have preferred a thicker, more substantial handle made from a durable material like silicone. This would not only provide a more secure grip but also make the comb more comfortable to hold and maneuver.

Despite these reservations, I was genuinely impressed with the comb's performance. It is clear that the manufacturer has put a great deal of thought into designing a tool that is both effective and efficient. The tines are carefully spaced to work in harmony with the hair, making it easy to detangle and style even the most unruly locks. I have found that the comb is particularly effective for managing tangles and knots, and it is also excellent for detangling short hair.

Unfortunately, my experience with the comb has not been entirely positive. I have three long-haired cats, and while the comb has been a game-changer for me, my feline friends are not so enamored. The comb's tendency to pull on their hair has resulted in some rather... vocal reactions. I have been bitten, scratched, and generally treated like a furry little tyrant. While I understand that this is a necessary evil in the pursuit of detangling, I wish that the manufacturer had taken steps to mitigate this issue.

In hindsight, I realize that perhaps the comb is not the best solution for cat owners or anyone with particularly sensitive pets. While it is an excellent tool for humans, its design may be more suited to canine or equine use. Nevertheless, I still believe that the comb is an excellent addition to any hair care arsenal, particularly for those with long or short hair. With a few minor modifications, I have no doubt that the comb could be even more effective and enjoyable to use.

Overall, I would still highly recommend the long and short detangling comb to anyone looking to upgrade their hair care routine. While it may not be the perfect tool for everyone, its unique design and effectiveness make it a worthwhile investment for anyone willing to overlook its minor flaws."
Light-weight cream that is a bit tacky to start; slightly moisturizing once absorbed; scentless,https://m.media-amazon.com/images/I/51aozdJE2FL._SL1600_.jpg,3.0,Complaint,"This comes in a one gallon jug. There are two negatives to me. First, the biggest negative is that it takes work to dispense the lotion. Second, this lightweight lotion goes on tacky and takes a few minutes to absorb. Once absorbed, however, it is lightly moisturizing and it leaves my skin soft.<br /><br />This is vegan per the bottle and the lotion is scentless. My favorite lotion is [[ASIN:B09HYPWMKG Ginger Lily Farms Pure Morocco Argan Oil Butter Lotion]]. That is perfect for a massage as well. It has a fragrance and is cruelty-free but not vegan.<br /><br />This is decent but the initial tackiness I dislike. The current price of $54.99 for 128 ounces comes to $.43 per ounce, which is almost double the price of the lotion I love.",1,"This comes in a one gallon jug. There are two negatives to me. First, the biggest negative is that it takes work to dispense the lotion. Second, this lightweight lotion goes on tacky and takes a few minutes to absorb. Once absorbed, however, it is lightly moisturizing and it leaves my skin soft.<br /><br />This is vegan per the bottle and the lotion is scentless. My favorite lotion is [[ASIN:B09HYPWMKG Ginger Lily Farms Pure Morocco Argan Oil Butter Lotion]]. That is perfect for a massage as well. It has a fragrance and is cruelty-free but not vegan.<br /><br />This is decent but the initial tackiness I dislike. The current price of $54.99 for 128 ounces comes to $.43 per ounce, which is almost double the price of the lotion I love.Original review: This comes in a one gallon jug. There are two negatives to me. First, the biggest negative is that it takes work to dispense the lotion. Second, this lightweight lotion goes on tacky and takes a few minutes to absorb. Once absorbed, however, it is lightly moisturizing and it leaves my skin soft.<br /><br />This is vegan per the bottle and the lotion is scentless. My favorite lotion is [[ASIN:B09HYPWMKG Ginger Lily Farms Pure Morocco Argan Oil Butter Lotion]]. That is perfect for a massage as well. It has a fragrance and is cruelty-free but not vegan.<br /><br />This is decent but the initial tackiness I dislike. The current price of $54.99 for 128 ounces comes to $.43 per ounce, which is almost double the price of the lotion I love.

First, determine whether the review is positive or negative. Then, rewrite the review to be much longer, more entailed, clearer, and more informative, elaborating on the detected sentiment. If the review is positive, expand on the positive aspects and provide more helpful context. If the review is negative, elaborate on the complaints and issues. Make the rewritten review as comprehensive as possible.","I was initially disappointed to find that this one-gallon jug of lotion fell short of my expectations, particularly when it comes to its dispensing mechanism. The biggest drawback for me is that it requires some effort to dispense the lotion, which can be frustrating, especially when you're in a hurry. This issue is compounded by the fact that the lotion is quite lightweight, which makes it difficult to control the amount dispensed. As a result, I found myself struggling to get the right amount, leading to some wasted product.

Another significant drawback is the lotion's tackiness. At first, it goes on quite tacky, which can be uncomfortable and even sticky. This tackiness persists for a few minutes, during which time it's difficult to get a smooth, even application. While it may not be the most pleasant sensation, I appreciate that the lotion does eventually absorb into my skin, providing a lightweight, non-greasy moisturizing effect.

However, I must say that I'm not entirely convinced by this lotion's performance. While it does provide a light moisturizing effect, it doesn't quite live up to my expectations. My skin still feels a bit dry, especially after washing, and I often find myself needing to reapply throughout the day. Perhaps this is due to the lotion's lightweight formula, but I've found that my favorite lotion (the Ginger Lily Farms Pure Morocco Argan Oil Butter Lotion) provides a much more intense moisturizing effect that lasts longer.

One aspect of this lotion that I do appreciate is its vegan status, as indicated by the packaging on the bottle. I'm also pleased to see that it's scentless, which is a plus for me since I'm highly sensitive to fragrances. However, I must note that my favorite lotion is also vegan, cruelty-free, and has a fragrance that I find pleasant. The Ginger Lily Farms Pure Morocco Argan Oil Butter Lotion is, in my opinion, the perfect lotion for a massage, as it provides a rich, nourishing moisturizing effect that's both soothing and rejuvenating.

In terms of value, I think this lotion is a bit overpriced, especially considering its size. A one-gallon jug costs $54.99, which works out to approximately $.43 per ounce. This is almost double the price of my favorite lotion, which is a 16-ounce bottle that costs around $.25 per ounce. While I appreciate the convenience of a larger size, I'm not convinced that this lotion is worth the extra cost.

Overall, I'd say that this lotion is decent, but it's not without its drawbacks. While it does provide a light moisturizing effect, its tackiness and lack of control during dispensing make it difficult to use. Additionally, its high price point makes it a less attractive option for me."
Not totally easy clean brush & tines do not pull through all the way,https://m.media-amazon.com/images/I/51Pf5unNkHL._SL1600_.jpg,2.0,Complaint,"I used this on my three long-haired cats and it picked up some hair. Since the surface area of the brush is small, there is not much hair that is picked up compared to other brushes. Also, I tried several of these types of brushes and this one is not as easy to clean as the others. The way this is supposed to work is to retract the bristles with the button and the hair that remains on top can be slid off. Since the tines do not retract fully on the top part of the brush, the hair does not slide off easily. Instead, I have to pick it off.<br /><br />Note that this is for long-haired pets only; I would not use this with a pet with short hair. I have three long-haired cats and even though this works some, I am not impressed for the two reasons I mentioned above. My favorite brush like this is [[ASIN:B09RH8FMMS this one]].<br /><br />The current price of $20.99 is outrageous for this as it is about $10 to $12 more than others of better or similar quality.",1,"I used this on my three long-haired cats and it picked up some hair. Since the surface area of the brush is small, there is not much hair that is picked up compared to other brushes. Also, I tried several of these types of brushes and this one is not as easy to clean as the others. The way this is supposed to work is to retract the bristles with the button and the hair that remains on top can be slid off. Since the tines do not retract fully on the top part of the brush, the hair does not slide off easily. Instead, I have to pick it off.<br /><br />Note that this is for long-haired pets only; I would not use this with a pet with short hair. I have three long-haired cats and even though this works some, I am not impressed for the two reasons I mentioned above. My favorite brush like this is [[ASIN:B09RH8FMMS this one]].<br /><br />The current price of $20.99 is outrageous for this as it is about $10 to $12 more than others of better or similar quality.Original review: I used this on my three long-haired cats and it picked up some hair. Since the surface area of the brush is small, there is not much hair that is picked up compared to other brushes. Also, I tried several of these types of brushes and this one is not as easy to clean as the others. The way this is supposed to work is to retract the bristles with the button and the hair that remains on top can be slid off. Since the tines do not retract fully on the top part of the brush, the hair does not slide off easily. Instead, I have to pick it off.<br /><br />Note that this is for long-haired pets only; I would not use this with a pet with short hair. I have three long-haired cats and even though this works some, I am not impressed for the two reasons I mentioned above. My favorite brush like this is [[ASIN:B09RH8FMMS this one]].<br /><br />The current price of $20.99 is outrageous for this as it is about $10 to $12 more than others of better or similar quality.

First, determine whether the review is positive or negative. Then, rewrite the review to be much longer, more entailed, clearer, and more informative, elaborating on the detected sentiment. If the review is positive, expand on the positive aspects and provide more helpful context. If the review is negative, elaborate on the complaints and issues. Make the rewritten review as comprehensive as possible.","I recently had the opportunity to try this brush on my three long-haired cats, and while it showed promise, its limitations ultimately left me unimpressed. The brush's ability to pick up hair was somewhat satisfactory, but its small surface area meant that it struggled to gather a substantial amount of hair, especially when compared to other brushes in its class. This is likely due to the fact that long-haired pets like mine require more frequent grooming to prevent matting and tangling.

One of the primary issues I encountered with this brush was its difficulty in cleaning. According to the manufacturer's instructions, the bristles are supposed to be retracted with the button, allowing the remaining hair to be easily slid off. However, the tines on this particular brush do not retract fully, making it challenging to remove the hair that accumulates on the top part of the brush. As a result, I found myself having to manually pick off the hair, which was a frustrating and time-consuming process.

Given the brush's intended use for long-haired pets, I was surprised to find that it struggled to meet its own requirements. In contrast, other brushes that I have tried in the past have been more successful in this regard. It's clear that the manufacturer has not fully considered the needs of long-haired pets, which is a significant drawback.

It's worth noting that the manufacturer's recommendation that this brush is not suitable for pets with short hair is also a valid concern. While it may be sufficient for some shorter-coated pets, its limitations make it less practical for pets like mine with longer coats.

I must admit that I have found a more satisfactory alternative in the form of a similar brush from a different manufacturer, which I have included in the notes section of this review. While this brush shares some similarities with the one I'm currently reviewing, its design and functionality are more geared towards meeting the needs of long-haired pets.

In terms of value, I was disappointed to find that the current price of $20.99 is significantly higher than similar or better-quality brushes on the market. Based on my experience, I would estimate that this brush is approximately $10 to $12 more expensive than its competitors, which makes it a less appealing option for pet owners who are looking for a reliable and effective grooming tool.

Overall, while this brush showed some promise, its limitations and difficulties with cleaning and grooming ultimately led me to be unimpressed. As a long-haired cat owner, I would recommend exploring other options that are better suited to meeting the needs of pets with coats as long as mine."
Great medium-density blenders; flat angle is perfect for smooth applications; bad pricing on pkg,https://m.media-amazon.com/images/I/61AsAyIRdlL._SL1600_.jpg,3.0,Complaint,"This is a nice set of five individually wrapped pink-colored blending sponges all with an angled side. I love the sponges as they are of medium-density.<br /><br />The flat / angled side is great for smooth applications. They feel good in my hands, blend well, and feel soft against my skin. Since these are of medium density, they do not soak up as much foundation as others that are more airy. I also love that the sponges do not smell. I tried other colored sponges and they smell like pencil shavings or other chemicals and these do not.<br /><br />These blenders make a great gift for the make-up obsessed. These would have been perfect as gifts for the Easter Basket or as a stocking stuffer because each comes in their own package EXCEPT for the negative issue I mention below.<br /><br />There is one big negative, however. Each package is marked with a price of $1.55 each. Unfortunately, at the current price of $9.95, it comes to $1.99 per sponge which is $.44 cents more than the price marked. Therefore, I cannot recommend these if they are being used for resale or as stocking stuffers or Easter basket gifts because the price is actually more than it says on the package.",1,"This is a nice set of five individually wrapped pink-colored blending sponges all with an angled side. I love the sponges as they are of medium-density.<br /><br />The flat / angled side is great for smooth applications. They feel good in my hands, blend well, and feel soft against my skin. Since these are of medium density, they do not soak up as much foundation as others that are more airy. I also love that the sponges do not smell. I tried other colored sponges and they smell like pencil shavings or other chemicals and these do not.<br /><br />These blenders make a great gift for the make-up obsessed. These would have been perfect as gifts for the Easter Basket or as a stocking stuffer because each comes in their own package EXCEPT for the negative issue I mention below.<br /><br />There is one big negative, however. Each package is marked with a price of $1.55 each. Unfortunately, at the current price of $9.95, it comes to $1.99 per sponge which is $.44 cents more than the price marked. Therefore, I cannot recommend these if they are being used for resale or as stocking stuffers or Easter basket gifts because the price is actually more than it says on the package.Original review: This is a nice set of five individually wrapped pink-colored blending sponges all with an angled side. I love the sponges as they are of medium-density.<br /><br />The flat / angled side is great for smooth applications. They feel good in my hands, blend well, and feel soft against my skin. Since these are of medium density, they do not soak up as much foundation as others that are more airy. I also love that the sponges do not smell. I tried other colored sponges and they smell like pencil shavings or other chemicals and these do not.<br /><br />These blenders make a great gift for the make-up obsessed. These would have been perfect as gifts for the Easter Basket or as a stocking stuffer because each comes in their own package EXCEPT for the negative issue I mention below.<br /><br />There is one big negative, however. Each package is marked with a price of $1.55 each. Unfortunately, at the current price of $9.95, it comes to $1.99 per sponge which is $.44 cents more than the price marked. Therefore, I cannot recommend these if they are being used for resale or as stocking stuffers or Easter basket gifts because the price is actually more than it says on the package.

First, determine whether the review is positive or negative. Then, rewrite the review to be much longer, more entailed, clearer, and more informative, elaborating on the detected sentiment. If the review is positive, expand on the positive aspects and provide more helpful context. If the review is negative, elaborate on the complaints and issues. Make the rewritten review as comprehensive as possible.","I recently had the pleasure of trying out this set of five individually wrapped pink-colored blending sponges, and I must say that I'm thoroughly impressed with their performance. One of the standout features of these sponges is their unique angled side, which makes them perfect for smooth applications. The angled side allows for a seamless blending experience, making it ideal for creating a natural-looking finish.

The medium-density of these sponges is also a major advantage. Unlike sponges that are too airy, these ones absorb just the right amount of foundation, providing a smooth, even coverage that lasts all day. I've found that they're particularly effective at blending out harsh lines and creating a subtle, natural-looking finish.

I also appreciate the fact that these sponges feel good in my hands. The material is soft and gentle, making it a joy to use them for extended periods. Additionally, I'm happy to report that they don't have any of that unpleasant chemical smell that some sponges are known for. I've tried other colored sponges in the past, and they often have a strong, pencil-shaving-like odor that's off-putting. These sponges, however, are free from any lingering odors, making them a great choice for those with sensitive skin.

In terms of their versatility, these sponges are perfect for makeup enthusiasts of all skill levels. They're great for everyday use, as well as for more elaborate looks. I've found that they're particularly effective at blending out complex eye shadows and creating a seamless transition between different colors.

If you're looking for a gift idea for the makeup-obsessed, these sponges are an excellent choice. They're individually wrapped, making them easy to give as a gift, and they come in their own package, which adds to their appeal. I've used them as a stocking stuffer and Easter basket gift, and they're always a hit.

However, I do want to note a significant drawback to these sponges. The price listed on the package is $1.55 each, which seems reasonable at first glance. However, when you factor in the current price of $9.95, the actual cost per sponge comes out to be $1.99. This means that the price discrepancy is a whopping $0.44 per sponge, making it a significant expense for resale or gift-giving purposes. While the sponges themselves are certainly worth the investment, the price listed on the package is misleading, and I would caution against purchasing them if you're planning to resell or give them as gifts."
